id,name,cloth,group,rank,affiliation,image,artistSaint,artistCloth,debut
2,2,371,abel-gods,9,28,assets/cloth-schemes/abel-corona-saints/phoebus-abel.jpg,17,,23
654,47,61,abel-saints-17,,28,assets/cloth-schemes/athena-saints/carina-atlas.jpg,5,5,23
653,61,78,abel-saints-25,,28,assets/cloth-schemes/athena-saints/coma-berenices-berengue.jpg,5,5,23
655,208,386,abel-saints-51,,28,assets/cloth-schemes/athena-saints/lynx-jao.jpg,5,5,23
731,33,458,ares-gods,9,33,assets/cloth-schemes/ares-berserkers/ares-v1.jpg,15,,7
191,179,180,ares-legions-4,23,33,assets/cloth-schemes/ares-berserkers/jamadhar-hema.jpg,15,,7
256,232,47,ares-legions-4,23,33,assets/cloth-schemes/ares-berserkers/bhuj-kokalo.jpg,15,,7
581,101,408,ares-phantoms,9,308,assets/cloth-schemes/eris-dryads/fear-deimos.png,,,5
582,336,407,ares-phantoms,9,308,assets/cloth-schemes/eris-dryads/defeat-phobos.png,,,5
633,505,451,ares-phantoms,9,308,assets/cloth-schemes/eris-dryads/harmony-harmonia.jpg,,,5
275,246,,artemis-satellite-captain,12,38,assets/cloth-schemes/artemis-satellites/lascoumoune.png,5,12,4
73,70,,artemis-satellite-representative,31,38,assets/cloth-schemes/artemis-satellites/callisto.jpg,5,5,4
545,,383,artemis-satellites,1,38,assets/cloth-schemes/artemis-satellites/satellites-callisto-1.png,5,,4
546,,389,artemis-satellites,1,38,assets/cloth-schemes/artemis-satellites/satellites-lascoumoune-1.png,5,,4
706,376,,artemis-satellites,1,38,assets/cloth-schemes/artemis-satellites/lythos.jpg,10,,5
23,19,360,arthur-gladiators,,582,assets/cloth-schemes/arthur-gladiators/vorpal-alice.jpg,7,7,10
271,243,28,arthur-gladiators,,582,assets/cloth-schemes/arthur-gladiators/arondight-lancelot.jpg,7,7,10
351,326,33,arthur-gladiators,,582,assets/cloth-schemes/arthur-gladiators/azoth-paracelsus.png,,,10
388,363,125,arthur-gladiators,,582,assets/cloth-schemes/arthur-gladiators/durandal-roland.jpg,7,7,10
417,379,368,arthur-gladiators,,582,assets/cloth-schemes/arthur-gladiators/kusanagi-seiya.jpg,7,7,10
441,489,401,arthur-gladiators,,582,assets/cloth-schemes/arthur-gladiators/clarent-mordred.jpg,7,7,10
451,399,154,arthur-gladiators,,582,assets/cloth-schemes/arthur-gladiators/gram-sigurd.jpg,7,7,10
503,442,16,arthur-gladiators,,582,assets/cloth-schemes/arthur-gladiators/aparajita-trivikramasena.jpg,7,7,10
578,488,400,arthur-gladiators-king,,582,assets/cloth-schemes/arthur-gladiators/excalibur-arthur-pendragon.png,,,10
712,,,arthur-gladiators-low,25,582,assets/cloth-schemes/arthur-gladiators/unknown-gladiator.jpg,7,7,10
713,,,arthur-gladiators-low,25,582,assets/cloth-schemes/arthur-gladiators/unknown-gladiator-2.jpg,7,7,10
716,,,arthur-gladiators-low,25,582,assets/cloth-schemes/arthur-gladiators/unknown-gladiator-3.png,,,10
574,484,,astraea-gods,9,484,assets/cloth-schemes/astraea-golden-tribe/astraea.jpg,5,5,28
575,485,,astraea-golden-tribe,,484,assets/cloth-schemes/astraea-golden-tribe/ex.png,5,5,28
576,486,,astraea-golden-tribe,,484,assets/cloth-schemes/astraea-golden-tribe/machina.png,5,5,28
562,,244,athena-chinese-saints-10,6,582,assets/cloth-schemes/athena-saints/nu-saint.jpg,6,6,29
100,96,66,athena-former-saints-13,6,582,assets/cloth-schemes/athena-saints/cerberus-dante.jpg,1,1,1
115,108,66,athena-former-saints-13,6,582,assets/cloth-schemes/athena-saints/cerberus-dorer.png,,8,16
590,,413,athena-former-saints-13,6,582,assets/cloth-schemes/athena-saints/cerberus-saint.jpg,,,29
591,,413,athena-former-saints-13,6,582,assets/cloth-schemes/athena-saints/cerberus-saint-woman.jpg,,,29
592,,66,athena-former-saints-13,6,582,assets/cloth-schemes/athena-saints/cerberus-saint-woman-2.jpg,,,29
704,581,,athena-former-saints-40,5,582,assets/cloth-schemes/athena-saints/olivia-tokumaru.png,,,5
761,329,166,athena-former-saints-40,,582,assets/cloth-schemes/athena-saints/noctua-partita.jpg,5,5,6
357,331,476,athena-former-saints-49,,582,assets/cloth-schemes/athena-saints/phaeton.png,,11,12
36,31,335,athena-former-saints-5,6,582,assets/cloth-schemes/athena-saints/tarantula-arachne.png,17,,12
390,365,295,athena-former-saints-66,5,582,assets/cloth-schemes/athena-saints/rangifer-rudolph.png,6,6,16
630,365,295,athena-former-saints-66,5,582,assets/cloth-schemes/athena-saints/rangifer-rudolph-online.jpg,6,6,29
631,549,295,athena-former-saints-66,5,582,assets/cloth-schemes/athena-saints/rangifer-saint-woman.jpg,,,29
277,249,,athena-former-saints-72,1,582,assets/cloth-schemes/athena-saints/soldier-lei-hu.png,,,29
340,314,,athena-former-saints-72,1,582,assets/cloth-schemes/athena-saints/soldier-ohko.jpg,17,,12
40,35,30,athena-gods,9,582,assets/cloth-schemes/athena-saints/athena-aria.png,14,,16
403,374,30,athena-gods,9,582,assets/cloth-schemes/athena-saints/athena-saori.jpg,1,1,1
404,375,30,athena-gods,9,582,assets/cloth-schemes/athena-saints/athena-sasha.jpg,10,10,6
501,440,30,athena-gods,9,582,assets/cloth-schemes/athena-saints/athena-tomoe.png,,,10
524,465,30,athena-gods,9,582,assets/cloth-schemes/athena-saints/athena-yoshino-hino.png,,,10
7,7,201,athena-hindu-saints-24,6,582,assets/cloth-schemes/athena-saints/lotus-aghora.png,11,11,12
107,395,440,athena-saints-1,5,582,assets/cloth-schemes/athena-saints/andromeda-shun-omega.png,5,,16
440,395,8,athena-saints-1,5,582,assets/cloth-schemes/athena-saints/andromeda-shun-1.jpg,1,1,1
442,395,10,athena-saints-1,5,582,assets/cloth-schemes/athena-saints/andromeda-shun-2.jpg,1,1,1
443,395,11,athena-saints-1,5,582,assets/cloth-schemes/athena-saints/andromeda-shun-3.jpg,1,1,1
444,395,12,athena-saints-1,9,582,assets/cloth-schemes/athena-saints/andromeda-shun-god.jpg,1,1,1
608,519,422,athena-saints-1,4,582,assets/cloth-schemes/athena-saints/andromeda-black-saint.jpg,,,1
732,395,137,athena-saints-1,5,582,assets/cloth-schemes/athena-saints/andromeda-shun-anime-1.png,17,17,12
302,275,474,athena-saints-10,6,582,assets/cloth-schemes/athena-saints/caelum-michelangelo-omega.jpg,15,19,16
779,275,52,athena-saints-10,5,582,assets/cloth-schemes/athena-saints/caelum-michelangelo.jpg,6,6,19
61,56,54,athena-saints-11,6,582,assets/cloth-schemes/athena-saints/camelopardalis-bartsch.png,,,16
594,504,415,athena-saints-11,6,582,assets/cloth-schemes/athena-saints/camelopardalis-saint.png,20,20,6
101,97,55,athena-saints-12,7,582,assets/cloth-schemes/athena-saints/cancer-deathmask.jpg,1,1,1
102,97,56,athena-saints-12,9,582,assets/cloth-schemes/athena-saints/cancer-deathmask-god.jpg,5,5,14
104,98,55,athena-saints-12,7,582,assets/cloth-schemes/athena-saints/cancer-deathtoll.png,16,,4
273,243,56,athena-saints-12,9,582,assets/cloth-schemes/athena-saints/cancer-lancelot-god.jpg,,,10
290,263,55,athena-saints-12,7,582,assets/cloth-schemes/athena-saints/cancer-manigold.png,21,21,6
400,371,55,athena-saints-12,7,582,assets/cloth-schemes/athena-saints/cancer-sage.png,5,5,6
405,377,55,athena-saints-12,7,582,assets/cloth-schemes/athena-saints/cancer-schiller.png,5,5,16
47,42,57,athena-saints-13,6,582,assets/cloth-schemes/athena-saints/canes-venatici-asterion.jpg,1,1,1
237,213,376,athena-saints-13,4,582,assets/cloth-schemes/athena-saints/canes-venatici-judo.png,,,7
303,276,57,athena-saints-13,6,582,assets/cloth-schemes/athena-saints/canes-venatici-miguel.png,6,6,16
453,401,58,athena-saints-14,6,582,assets/cloth-schemes/athena-saints/canis-major-sirius.jpg,1,1,1
313,284,409,athena-saints-15,5,582,assets/cloth-schemes/athena-saints/canis-minor-mirai.png,,,5
583,,409,athena-saints-15,5,582,assets/cloth-schemes/athena-saints/canis-minor-saint.jpg,,,29
129,119,59,athena-saints-16,7,582,assets/cloth-schemes/athena-saints/capricorn-el-cid.png,20,20,6
220,196,59,athena-saints-16,7,582,assets/cloth-schemes/athena-saints/capricornus-ionia.png,5,5,16
226,201,59,athena-saints-16,7,582,assets/cloth-schemes/athena-saints/capricornus-izo.png,16,,4
447,396,59,athena-saints-16,9,582,assets/cloth-schemes/athena-saints/capricornus-shura.jpg,1,1,1
448,396,60,athena-saints-16,9,582,assets/cloth-schemes/athena-saints/capricornus-shura-god.jpg,5,5,14
52,47,61,athena-saints-17,5,582,assets/cloth-schemes/athena-saints/carina-atlas.jpg,5,5,23
130,120,63,athena-saints-18,5,582,assets/cloth-schemes/athena-saints/cassiopeia-elda.png,4,4,5
550,511,62,athena-saints-18,6,582,assets/cloth-schemes/athena-saints/cassiopeia-shion.jpg,6,6,29
588,,412,athena-saints-18,5,582,assets/cloth-schemes/athena-saints/cassiopeia-saint.png,20,20,6
741,499,63,athena-saints-18,5,582,assets/cloth-schemes/athena-saints/cassiopeia-rebecca.jpg,,,5
749,508,467,athena-saints-18,4,582,assets/cloth-schemes/eris-dryads/massacre-androctasias.jpg,,,12
754,120,62,athena-saints-18,6,582,assets/cloth-schemes/athena-saints/cassiopeia-silver-elda.jpg,6,6,5
55,50,64,athena-saints-19,6,582,assets/cloth-schemes/athena-saints/centaurus-babel.jpg,1,1,1
695,574,64,athena-saints-19,6,582,assets/cloth-schemes/athena-saints/centaurus-yugo.png,,,6
696,575,64,athena-saints-19,6,582,assets/cloth-schemes/athena-saints/centaurus-photia.jpg,,,6
536,476,65,athena-saints-20,6,582,assets/cloth-schemes/athena-saints/cepheus-daidalos.jpg,1,1,1
537,477,378,athena-saints-20,6,582,assets/cloth-schemes/athena-saints/cepheus-albior.jpg,5,26,12
589,,65,athena-saints-20,6,582,assets/cloth-schemes/athena-saints/cepheus-saint.jpg,,,29
20,16,379,athena-saints-21,4,582,assets/cloth-schemes/athena-saints/cetus-allegre.jpg,,,7
300,273,67,athena-saints-21,6,582,assets/cloth-schemes/athena-saints/cetus-menkar.png,,,16
323,295,67,athena-saints-21,6,582,assets/cloth-schemes/athena-saints/cetus-moses.jpg,1,1,1
239,215,70,athena-saints-22,5,582,assets/cloth-schemes/athena-saints/chamaeleon-june.jpg,1,1,1
596,,70,athena-saints-22,5,582,assets/cloth-schemes/athena-saints/chameleon-saint.jpg,,,29
194,182,73,athena-saints-23,5,582,assets/cloth-schemes/athena-saints/circinus-hooke.png,6,6,16
172,162,77,athena-saints-24,5,582,assets/cloth-schemes/athena-saints/columba-gray.png,6,6,16
597,,416,athena-saints-24,5,582,assets/cloth-schemes/athena-saints/columba-gray-online.jpg,6,6,29
66,61,78,athena-saints-25,5,582,assets/cloth-schemes/athena-saints/coma-berenices-berengue.jpg,5,5,23
299,272,78,athena-saints-25,5,582,assets/cloth-schemes/athena-saints/coma-berenices-mei.jpg,6,6,27
598,272,417,athena-saints-25,5,582,assets/cloth-schemes/athena-saints/coma-berenices-mei-online.jpg,6,6,29
551,,79,athena-saints-26,5,582,assets/cloth-schemes/athena-saints/corona-australis-saint.jpg,6,6,29
99,95,80,athena-saints-27,5,582,assets/cloth-schemes/athena-saints/corona-borealis-dali.png,,8,16
249,225,81,athena-saints-27,5,582,assets/cloth-schemes/athena-saints/corona-borealis-katya.png,4,4,5
599,95,418,athena-saints-27,5,582,assets/cloth-schemes/athena-saints/corona-borealis-dali-online.jpg,6,6,29
600,,419,athena-saints-27,5,582,assets/cloth-schemes/athena-saints/corona-borealis-saint.jpg,6,6,6
757,225,418,athena-saints-27,5,582,assets/cloth-schemes/athena-saints/corona-borealis-katya-online.jpg,6,6,29
230,205,82,athena-saints-28,6,582,assets/cloth-schemes/athena-saints/corvus-jamian.jpg,1,1,1
235,211,82,athena-saints-28,6,582,assets/cloth-schemes/athena-saints/corvus-johann.png,,8,16
392,367,375,athena-saints-28,4,582,assets/cloth-schemes/athena-saints/corvus-ruse.jpg,,,7
601,,420,athena-saints-28,6,582,assets/cloth-schemes/athena-saints/corvus-saint.jpg,,,29
602,,420,athena-saints-28,6,582,assets/cloth-schemes/athena-saints/corvus-saint-woman.jpg,,,29
621,,375,athena-saints-28,4,582,assets/cloth-schemes/athena-saints/corvus-black-saint.png,11,11,12
6,6,83,athena-saints-29,6,582,assets/cloth-schemes/athena-saints/crater-aeson.png,,5,5
471,414,83,athena-saints-29,6,582,assets/cloth-schemes/athena-saints/crater-suikyo.jpg,1,1,4
604,,85,athena-saints-29,6,582,assets/cloth-schemes/athena-saints/crater-saint-man.jpg,,,29
605,,85,athena-saints-29,6,582,assets/cloth-schemes/athena-saints/crater-saint-woman.jpg,,,29
352,327,17,athena-saints-3,5,582,assets/cloth-schemes/athena-saints/apus-paradise.png,,,29
427,388,17,athena-saints-3,5,582,assets/cloth-schemes/athena-saints/apus-shinato.png,,,5
87,83,86,athena-saints-30,6,582,assets/cloth-schemes/athena-saints/crux-christ.png,5,5,21
164,154,86,athena-saints-30,6,582,assets/cloth-schemes/athena-saints/crux-georg.png,5,5,5
250,226,86,athena-saints-30,6,582,assets/cloth-schemes/athena-saints/crux-kazuma.png,,8,16
606,,421,athena-saints-30,6,582,assets/cloth-schemes/athena-saints/crux-saint.jpg,,,29
607,,421,athena-saints-30,6,582,assets/cloth-schemes/athena-saints/crux-saint-woman.jpg,,,29
198,185,90,athena-saints-31,5,582,assets/cloth-schemes/athena-saints/cygnus-hyoga-1.jpg,1,1,1
199,185,91,athena-saints-31,5,582,assets/cloth-schemes/athena-saints/cygnus-hyoga-anime-1.png,17,17,12
200,185,92,athena-saints-31,5,582,assets/cloth-schemes/athena-saints/cygnus-hyoga-2.jpg,1,1,1
201,185,93,athena-saints-31,5,582,assets/cloth-schemes/athena-saints/cygnus-hyoga-3.jpg,1,1,1
202,185,94,athena-saints-31,9,582,assets/cloth-schemes/athena-saints/cygnus-hyoga-god.jpg,1,1,1
221,197,93,athena-saints-31,5,582,assets/cloth-schemes/athena-saints/cygnus-isaak.png,,,10
234,210,393,athena-saints-31,4,582,assets/cloth-schemes/athena-saints/cygnus-jid.jpg,,,32
265,185,441,athena-saints-31,5,582,assets/cloth-schemes/athena-saints/cygnus-hyoga-omega.png,5,5,16
24,20,105,athena-saints-32,5,582,assets/cloth-schemes/athena-saints/delphinus-mii.jpg,4,4,5
177,167,103,athena-saints-32,5,582,assets/cloth-schemes/athena-saints/delphinus-guney.png,5,19,16
552,523,104,athena-saints-32,,582,assets/cloth-schemes/athena-saints/dolphin-saint.jpg,,24,12
610,167,423,athena-saints-32,5,582,assets/cloth-schemes/athena-saints/delphinus-guney-online.jpg,6,6,29
611,,424,athena-saints-32,5,582,assets/cloth-schemes/athena-saints/delphinus-saint-tlc.png,20,20,6
750,507,466,athena-saints-32,4,582,assets/cloth-schemes/eris-dryads/deception-patty.jpg,,,12
758,20,423,athena-saints-32,5,582,assets/cloth-schemes/athena-saints/delphinus-mii-online.jpg,6,6,29
464,409,110,athena-saints-33,5,582,assets/cloth-schemes/athena-saints/dorado-spear.png,6,6,16
509,448,425,athena-saints-33,,582,assets/cloth-schemes/athena-saints/dorado-ushio.jpg,6,6,
614,,426,athena-saints-33,5,582,assets/cloth-schemes/athena-saints/dorado-male-saint.jpg,,,29
615,,426,athena-saints-33,5,582,assets/cloth-schemes/athena-saints/dorado-female-saint.jpg,,,29
678,448,214,athena-saints-33,3,582,assets/cloth-schemes/athena-saints/dorado-ushio-steel.jpg,6,17,12
152,142,380,athena-saints-34,4,582,assets/cloth-schemes/athena-saints/draco-shinadekuro.jpg,,,32
394,369,113,athena-saints-34,5,582,assets/cloth-schemes/athena-saints/draco-ryuho-1.png,5,,16
395,369,115,athena-saints-34,5,582,assets/cloth-schemes/athena-saints/draco-ryuho-2.png,5,,16
396,369,119,athena-saints-34,9,582,assets/cloth-schemes/athena-saints/draco-ryuho-omega.png,,5,16
426,387,380,athena-saints-34,4,582,assets/cloth-schemes/athena-saints/draco-shinadekuro.jpg,,,32
429,390,111,athena-saints-34,5,582,assets/cloth-schemes/athena-saints/draco-shiryu-1.jpg,1,1,42
430,390,112,athena-saints-34,5,582,assets/cloth-schemes/athena-saints/draco-shiryu-anime-1.jpg,17,17,12
431,390,114,athena-saints-34,5,582,assets/cloth-schemes/athena-saints/draco-shiryu-2.jpg,1,1,1
432,390,116,athena-saints-34,5,582,assets/cloth-schemes/athena-saints/draco-shiryu-3.jpg,1,1,1
433,390,117,athena-saints-34,5,582,assets/cloth-schemes/athena-saints/draco-shiryu-4.jpg,1,1,1
434,390,118,athena-saints-34,9,582,assets/cloth-schemes/athena-saints/draco-shiryu-god.jpg,1,1,1
81,77,133,athena-saints-35,5,582,assets/cloth-schemes/athena-saints/equuleus-celeris.png,5,,16
255,231,133,athena-saints-35,5,582,assets/cloth-schemes/athena-saints/equuleus-kitalpha.png,5,,16
266,238,132,athena-saints-35,5,582,assets/cloth-schemes/athena-saints/equuleus-kyoko.jpg,4,4,5
439,394,132,athena-saints-35,5,582,assets/cloth-schemes/athena-saints/equuleus-shoko.png,4,4,5
468,413,39,athena-saints-35,3,582,assets/cloth-schemes/athena-saints/equuleus-subaru-steel.png,,11,16
469,413,134,athena-saints-35,5,582,assets/cloth-schemes/athena-saints/equuleus-subaru.png,5,,16
763,394,473,athena-saints-35,5,582,,,,5
553,,135,athena-saints-36,5,582,assets/cloth-schemes/athena-saints/eridanus-saint.jpg,20,6,6
616,,428,athena-saints-36,5,582,assets/cloth-schemes/athena-saints/eridanus-saint-online.jpg,6,6,29
554,512,139,athena-saints-37,6,582,assets/cloth-schemes/athena-saints/fornax-brasa.jpg,6,6,29
1,1,148,athena-saints-38,7,582,assets/cloth-schemes/athena-saints/gemini-abel.png,16,,4
46,41,148,athena-saints-38,7,582,assets/cloth-schemes/athena-saints/gemini-aspros.png,16,16,6
72,69,148,athena-saints-38,7,582,assets/cloth-schemes/athena-saints/gemini-cain.png,16,,4
105,99,148,athena-saints-38,7,582,assets/cloth-schemes/athena-saints/gemini-defteros.png,16,16,6
245,221,148,athena-saints-38,7,582,assets/cloth-schemes/athena-saints/gemini-kanon.jpg,22,22,1
353,328,148,athena-saints-38,7,582,assets/cloth-schemes/athena-saints/gemini-paradox.png,5,5,16
398,370,148,athena-saints-38,7,582,assets/cloth-schemes/athena-saints/gemini-saga.jpg,1,1,1
399,370,149,athena-saints-38,9,582,assets/cloth-schemes/athena-saints/gemini-saga-god.jpg,5,5,14
572,311,148,athena-saints-38,7,582,assets/cloth-schemes/athena-saints/gemini-integra.png,5,5,16
257,233,157,athena-saints-39,5,582,assets/cloth-schemes/athena-saints/grus-komachi.jpg,6,6,16
531,470,157,athena-saints-39,6,582,assets/cloth-schemes/athena-saints/grus-yuzuriha.jpg,3,3,6
618,,157,athena-saints-39,6,582,assets/cloth-schemes/athena-saints/grus-saint.jpg,6,6,29
759,233,157,athena-saints-39,6,582,assets/cloth-schemes/athena-saints/grus-komachi-online.jpg,6,6,29
74,71,18,athena-saints-4,7,582,assets/cloth-schemes/athena-saints/aquarius-camus.jpg,1,1,1
75,71,19,athena-saints-4,9,582,assets/cloth-schemes/athena-saints/aquarius-camus-god.png,5,5,14
106,100,18,athena-saints-4,7,582,assets/cloth-schemes/athena-saints/aquarius-degel.jpg,20,20,6
197,185,18,athena-saints-4,7,582,assets/cloth-schemes/athena-saints/aquarius-hyoga.png,,,10
262,235,18,athena-saints-4,7,582,assets/cloth-schemes/athena-saints/aquarius-krest.jpg,5,5,7
328,299,18,athena-saints-4,7,582,assets/cloth-schemes/athena-saints/aquarius-mystoria.png,16,,4
495,437,18,athena-saints-4,9,582,assets/cloth-schemes/athena-saints/aquarius-tokisada.png,5,5,16
21,17,165,athena-saints-40,6,582,assets/cloth-schemes/athena-saints/heracles-algethi.jpg,1,1,1
278,250,382,athena-saints-40,4,582,assets/cloth-schemes/athena-saints/heracles-lemargos.jpg,,,7
497,437,168,athena-saints-41,6,582,assets/cloth-schemes/athena-saints/horologium-tokisada.png,,8,16
619,,168,athena-saints-41,6,582,assets/cloth-schemes/athena-saints/horologium-saint.jpg,,,29
620,,168,athena-saints-41,6,582,assets/cloth-schemes/athena-saints/horologium-saint-woman.jpg,,,29
96,92,172,athena-saints-42,5,582,assets/cloth-schemes/athena-saints/hydra-ichi.jpg,1,1,6
210,192,172,athena-saints-42,5,582,assets/cloth-schemes/athena-saints/hydra-ichi.jpg,1,1,42
675,192,442,athena-saints-42,5,582,assets/cloth-schemes/athena-saints/hydra-ichi-omega.jpg,6,6,16
211,192,471,athena-saints-43,6,582,assets/cloth-schemes/athena-saints/hydrus-ichi-omega.jpg,6,6,16
755,192,173,athena-saints-43,6,582,assets/cloth-schemes/athena-saints/hydrus-ichi.jpg,6,6,29
556,,179,athena-saints-44,5,582,assets/cloth-schemes/athena-saints/indus-saint.jpg,5,5,6
316,287,186,athena-saints-45,6,582,assets/cloth-schemes/athena-saints/lacerta-misty.jpg,1,1,1
622,287,429,athena-saints-45,6,582,assets/cloth-schemes/athena-saints/lacerta-misty-online.jpg,6,6,29
623,,429,athena-saints-45,6,582,assets/cloth-schemes/athena-saints/lacerta-saint-woman.jpg,,,29
10,10,189,athena-saints-46,7,582,assets/cloth-schemes/athena-saints/leo-aiolia.jpg,1,1,1
11,10,190,athena-saints-46,9,582,assets/cloth-schemes/athena-saints/leo-aiolia-god.jpg,5,5,14
155,145,,athena-saints-46,1,582,assets/cloth-schemes/athena-saints/soldier-galarian-steiner.jpg,,,8
212,193,437,athena-saints-46,7,582,assets/cloth-schemes/athena-saints/leo-Ikki-authentic.png,13,13,10
218,194,189,athena-saints-46,7,582,assets/cloth-schemes/athena-saints/leo-ilias.jpg,5,5,6
244,220,189,athena-saints-46,7,582,assets/cloth-schemes/athena-saints/leo-kaiser.jpg,5,5,4
327,298,189,athena-saints-46,7,582,assets/cloth-schemes/athena-saints/leo-mycenae.png,5,5,16
377,353,189,athena-saints-46,7,582,assets/cloth-schemes/athena-saints/leo-regulus.png,16,16,6
60,55,191,athena-saints-47,5,582,assets/cloth-schemes/athena-saints/leo-minor-ban.jpg,1,1,1
67,63,191,athena-saints-47,5,582,assets/cloth-schemes/athena-saints/leo-minor-bleriot.png,21,21,6
459,406,192,athena-saints-47,5,582,assets/cloth-schemes/athena-saints/leo-minor-souma-1.png,5,,16
460,406,193,athena-saints-47,5,582,assets/cloth-schemes/athena-saints/leo-minor-souma-2.png,,,16
461,406,194,athena-saints-47,9,582,assets/cloth-schemes/athena-saints/leo-minor-souma-omega.png,,5,16
676,55,443,athena-saints-47,3,582,assets/cloth-schemes/athena-saints/leo-minor-ban-steel.png,,8,16
42,37,472,athena-saints-48,5,582,assets/cloth-schemes/athena-saints/lepus-arne.jpg,6,6,16
624,,195,athena-saints-48,5,582,assets/cloth-schemes/athena-saints/lepus-saint.jpg,6,6,15
625,,430,athena-saints-48,5,582,assets/cloth-schemes/athena-saints/lepus-saint-online.jpg,6,6,29
756,37,430,athena-saints-48,5,582,assets/cloth-schemes/athena-saints/lepus-arne-online.jpg,6,6,29
112,106,197,athena-saints-49,7,582,assets/cloth-schemes/athena-saints/libra-dohko.jpg,1,1,1
113,106,198,athena-saints-49,9,582,assets/cloth-schemes/athena-saints/libra-dohko-god.jpg,5,5,14
163,153,197,athena-saints-49,7,582,assets/cloth-schemes/athena-saints/libra-genbu.png,5,,16
224,199,197,athena-saints-49,7,582,assets/cloth-schemes/athena-saints/libra-itia.png,21,21,7
435,390,197,athena-saints-49,7,582,assets/cloth-schemes/athena-saints/libra-shiryu.png,5,5,1
626,390,198,athena-saints-49,9,582,assets/cloth-schemes/athena-saints/libra-shiryu-god.jpg,5,5,16
293,266,20,athena-saints-5,6,582,assets/cloth-schemes/athena-saints/aquila-marin.jpg,1,1,1
528,469,21,athena-saints-5,5,582,assets/cloth-schemes/athena-saints/aquila-yuna-1.png,5,,16
529,469,22,athena-saints-5,5,582,assets/cloth-schemes/athena-saints/aquila-yuna-2.png,5,,16
530,469,23,athena-saints-5,9,582,assets/cloth-schemes/athena-saints/aquila-yuna-omega.png,,5,16
585,,20,athena-saints-5,6,582,assets/cloth-schemes/athena-saints/aquila-saint.jpg,6,6,29
183,173,203,athena-saints-50,5,582,assets/cloth-schemes/athena-saints/lupus-haruto-1.jpg,5,8,16
184,173,204,athena-saints-50,5,582,assets/cloth-schemes/athena-saints/lupus-haruto-2.png,5,,16
185,173,205,athena-saints-50,9,582,assets/cloth-schemes/athena-saints/lupus-haruto-omega.png,,5,16
240,216,384,athena-saints-50,5,582,assets/cloth-schemes/athena-saints/lupus-nachi.jpg,1,1,6
330,301,384,athena-saints-50,5,582,assets/cloth-schemes/athena-saints/lupus-nachi.jpg,1,1,1
525,466,203,athena-saints-50,5,582,assets/cloth-schemes/athena-saints/lupus-yoshitomi.jpg,15,8,16
677,301,444,athena-saints-50,3,582,assets/cloth-schemes/athena-saints/lupus-nachi-steel.png,,8,16
233,208,386,athena-saints-51,5,582,assets/cloth-schemes/athena-saints/lynx-jao.jpg,5,5,23
314,285,387,athena-saints-51,5,582,assets/cloth-schemes/athena-saints/lynx-mirapolos.jpg,15,8,16
378,354,385,athena-saints-51,5,582,assets/cloth-schemes/athena-saints/lynx-retsu.jpg,7,7,8
343,317,207,athena-saints-52,6,582,assets/cloth-schemes/athena-saints/lyra-orphee.jpg,1,1,1
344,318,207,athena-saints-52,6,582,assets/cloth-schemes/athena-saints/lyra-orpheus.png,5,5,21
584,317,410,athena-saints-52,9,582,assets/cloth-schemes/athena-saints/lyra-orphee-god.png,16,16,29
627,,207,athena-saints-52,6,582,assets/cloth-schemes/athena-saints/lyra-saint.jpg,,,29
558,,221,athena-saints-53,6,582,assets/cloth-schemes/athena-saints/mensa-saint.jpg,6,6,29
227,202,228,athena-saints-55,5,582,assets/cloth-schemes/athena-saints/monoceros-jabu.jpg,1,1,1
520,460,228,athena-saints-55,5,582,assets/cloth-schemes/athena-saints/monoceros-yato.jpg,3,3,6
679,202,445,athena-saints-55,3,582,assets/cloth-schemes/athena-saints/monoceros-jabu-steel.png,,8,16
109,103,235,athena-saints-56,6,582,assets/cloth-schemes/athena-saints/musca-dio.jpg,1,1,1
146,135,235,athena-saints-56,6,582,assets/cloth-schemes/athena-saints/musca-fly.png,,8,16
283,256,243,athena-saints-57,5,582,assets/cloth-schemes/athena-saints/norma-luciano.png,6,6,16
337,312,249,athena-saints-59,6,582,assets/cloth-schemes/athena-saints/ophiuchus-odysseus-silver.jpg,6,1,29
338,312,250,athena-saints-59,7,582,assets/cloth-schemes/athena-saints/ophiuchus-odysseus.jpg,,,4
425,386,249,athena-saints-59,6,582,assets/cloth-schemes/athena-saints/ophiuchus-shaina.jpg,1,1,1
680,386,446,athena-saints-59,6,582,assets/cloth-schemes/athena-saints/ophiuchus-shaina-omega.png,5,,16
690,307,250,athena-saints-59,7,582,assets/cloth-schemes/athena-saints/ophiuchus-asclepius.png,,,4
114,107,374,athena-saints-6,4,582,assets/cloth-schemes/athena-saints/ara-don-avido.jpg,5,5,7
180,170,24,athena-saints-6,6,582,assets/cloth-schemes/athena-saints/ara-hakurei.jpg,3,3,6
332,303,6,athena-saints-6,6,582,assets/cloth-schemes/athena-saints/ara-nicole.jpg,12,12,27
573,267,24,athena-saints-6,6,582,assets/cloth-schemes/athena-saints/ara-arles.png,6,5,12
586,,411,athena-saints-6,6,582,assets/cloth-schemes/athena-saints/ara-saint.png,,,29
587,,411,athena-saints-6,6,582,assets/cloth-schemes/athena-saints/ara-saint-woman.jpg,,,29
707,584,,athena-saints-6,,582,assets/cloth-schemes/athena-saints/klaus.png,,,5
124,116,253,athena-saints-60,5,582,assets/cloth-schemes/athena-saints/orion-eden-1.png,5,5,16
125,116,254,athena-saints-60,5,582,assets/cloth-schemes/athena-saints/orion-eden-2.png,5,5,16
126,116,390,athena-saints-60,9,582,assets/cloth-schemes/athena-saints/orion-eden-omega.png,,5,16
228,203,252,athena-saints-60,6,582,assets/cloth-schemes/athena-saints/orion-jager.png,5,5,21
383,359,252,athena-saints-60,6,582,assets/cloth-schemes/athena-saints/orion-rigel.png,5,5,5
297,270,259,athena-saints-61,6,582,assets/cloth-schemes/athena-saints/pavo-mayura.jpg,4,4,5
365,340,258,athena-saints-61,6,582,assets/cloth-schemes/athena-saints/pavo-pavlin.png,5,,16
436,391,258,athena-saints-61,6,582,assets/cloth-schemes/athena-saints/pavo-shiva.png,,,12
629,391,432,athena-saints-61,6,582,assets/cloth-schemes/athena-saints/pavo-shiva-online.jpg,6,6,29
760,340,432,athena-saints-61,6,582,assets/cloth-schemes/athena-saints/pavo-pavlin-online.jpg,6,6,29
251,227,391,athena-saints-62,4,582,assets/cloth-schemes/athena-saints/pegasus-kenuma.jpg,,,32
258,234,268,athena-saints-62,5,582,assets/cloth-schemes/athena-saints/pegasus-kouga-1.png,5,,16
259,234,269,athena-saints-62,5,582,assets/cloth-schemes/athena-saints/pegasus-kouga-2.png,5,,16
260,234,270,athena-saints-62,9,582,assets/cloth-schemes/athena-saints/pegasus-kouga-omega-1.png,,5,16
261,234,271,athena-saints-62,9,582,assets/cloth-schemes/athena-saints/pegasus-kouga-super-omega.png,,5,16
272,424,261,athena-saints-62,5,582,assets/cloth-schemes/athena-saints/pegasus-tenma-1.jpg,,,6
387,362,261,athena-saints-62,5,582,assets/cloth-schemes/athena-saints/pegasus-rodorio.jpg,,,29
406,379,261,athena-saints-62,5,582,assets/cloth-schemes/athena-saints/pegasus-seiya-1.jpg,1,1,42
407,379,262,athena-saints-62,5,582,assets/cloth-schemes/athena-saints/pegasus-seiya-2.jpg,1,1,1
408,379,263,athena-saints-62,5,582,assets/cloth-schemes/athena-saints/pegasus-seiya-3.jpg,1,1,1
409,379,264,athena-saints-62,5,582,assets/cloth-schemes/athena-saints/pegasus-seiya-4.jpg,1,1,1
410,379,265,athena-saints-62,5,582,assets/cloth-schemes/athena-saints/pegasus-seiya-5.jpg,1,1,1
411,379,266,athena-saints-62,9,582,assets/cloth-schemes/athena-saints/pegasus-seiya-god.jpg,1,1,1
412,379,267,athena-saints-62,,582,assets/cloth-schemes/athena-saints/pegasus-seiya-miracles.jpg,5,5,25
413,379,260,athena-saints-62,5,582,assets/cloth-schemes/athena-saints/pegasus-seiya-anime-1.jpg,17,17,12
481,424,265,athena-saints-62,5,582,assets/cloth-schemes/athena-saints/pegasus-tenma-5.jpg,3,3,6
482,424,266,athena-saints-62,9,582,assets/cloth-schemes/athena-saints/pegasus-tenma-god.png,,5,6
22,18,273,athena-saints-63,6,582,assets/cloth-schemes/athena-saints/perseus-algol.jpg,1,1,1
315,286,273,athena-saints-63,6,582,assets/cloth-schemes/athena-saints/perseus-mirfak.png,,8,6
213,193,278,athena-saints-64,5,582,assets/cloth-schemes/athena-saints/phoenix-ikki-1.jpg,1,1,1
214,193,279,athena-saints-64,5,582,assets/cloth-schemes/athena-saints/phoenix-ikki-anime-1.png,17,17,12
215,193,280,athena-saints-64,5,582,assets/cloth-schemes/athena-saints/phoenix-ikki-2.jpg,1,1,1
216,193,281,athena-saints-64,5,582,assets/cloth-schemes/athena-saints/phoenix-ikki-3.jpg,1,1,1
217,193,282,athena-saints-64,9,582,assets/cloth-schemes/athena-saints/phoenix-ikki-god.jpg,1,1,1
385,360,392,athena-saints-64,4,582,assets/cloth-schemes/athena-saints/phoenix-ritahoa.jpg,,,32
15,12,284,athena-saints-66,7,582,assets/cloth-schemes/athena-saints/pisces-albafica.png,21,21,6
27,23,284,athena-saints-66,7,582,assets/cloth-schemes/athena-saints/pisces-amor.png,5,5,16
32,27,284,athena-saints-66,7,582,assets/cloth-schemes/athena-saints/pisces-aphrodite.jpg,1,1,1
33,27,285,athena-saints-66,9,582,assets/cloth-schemes/athena-saints/pisces-aphrodite-god.jpg,5,5,14
78,74,284,athena-saints-66,7,582,assets/cloth-schemes/athena-saints/pisces-cardinale.jpg,5,5,4
287,260,284,athena-saints-66,7,582,assets/cloth-schemes/athena-saints/pisces-lugonis.jpg,5,5,6
564,,286,athena-saints-67,5,582,assets/cloth-schemes/athena-saints/piscis-austrinus-saint.jpg,6,6,29
267,239,291,athena-saints-68,6,582,assets/cloth-schemes/athena-saints/puppis-lacaille.jpg,5,6,6
565,239,290,athena-saints-68,5,582,assets/cloth-schemes/athena-saints/puppis-lacaille-online.jpg,6,6,29
393,368,293,athena-saints-69,5,582,assets/cloth-schemes/athena-saints/pyxis-rusk.jpg,5,6,6
566,368,292,athena-saints-69,6,582,assets/cloth-schemes/athena-saints/pyxis-rusk-online.jpg,6,6,29
54,49,26,athena-saints-7,7,582,assets/cloth-schemes/athena-saints/aries-avenir.png,10,,7
160,150,26,athena-saints-7,7,582,assets/cloth-schemes/athena-saints/aries-gateguard.png,,,7
254,230,26,athena-saints-7,7,582,assets/cloth-schemes/athena-saints/aries-kiki.png,5,5,16
324,296,26,athena-saints-7,7,582,assets/cloth-schemes/athena-saints/aries-mu.jpg,1,1,1
325,296,27,athena-saints-7,9,582,assets/cloth-schemes/athena-saints/aries-mu-god.png,5,5,14
376,351,,athena-saints-7,1,582,assets/cloth-schemes/athena-saints/soldier-laki.jpg,,,16
428,389,26,athena-saints-7,7,582,assets/cloth-schemes/athena-saints/aries-shion.png,16,,1
58,53,296,athena-saints-70,6,582,assets/cloth-schemes/athena-saints/reticulum-balazo.png,,19,16
632,53,433,athena-saints-70,6,582,assets/cloth-schemes/athena-saints/reticulum-balazo-online.jpg,6,6,29
37,32,301,athena-saints-71,6,582,assets/cloth-schemes/athena-saints/sagitta-alcon-huye.png,20,1,6
296,269,301,athena-saints-71,6,582,assets/cloth-schemes/athena-saints/sagitta-maya.png,5,5,21
369,344,301,athena-saints-71,6,582,assets/cloth-schemes/athena-saints/sagitta-ptolemy.jpg,1,1,1
421,382,301,athena-saints-71,6,582,assets/cloth-schemes/athena-saints/sagitta-sham.png,,19,16
13,11,302,athena-saints-72,7,582,assets/cloth-schemes/athena-saints/sagittarius-aiolos.jpg,1,1,1
14,11,303,athena-saints-72,9,582,assets/cloth-schemes/athena-saints/sagittarius-aiolos-god.jpg,5,5,14
167,157,302,athena-saints-72,7,582,assets/cloth-schemes/athena-saints/sagittarius-gestalt.png,16,,4
414,379,369,athena-saints-72,7,582,assets/cloth-schemes/athena-saints/sagittarius-seiya-1.png,5,5,16
415,379,370,athena-saints-72,7,582,assets/cloth-schemes/athena-saints/sagittarius-seiya-2.png,5,5,16
454,402,302,athena-saints-72,7,582,assets/cloth-schemes/athena-saints/sagittarius-sisyphus.png,21,21,6
613,576,302,athena-saints-72,7,582,assets/cloth-schemes/athena-saints/sagittarius-aeras.png,21,21,7
137,127,305,athena-saints-73,7,582,assets/cloth-schemes/athena-saints/scorpio-escarlate.png,16,,4
247,223,305,athena-saints-73,7,582,assets/cloth-schemes/athena-saints/scorpio-kardia.png,20,20,6
307,279,305,athena-saints-73,7,582,assets/cloth-schemes/athena-saints/scorpio-milo.jpg,1,1,1
308,279,306,athena-saints-73,9,582,assets/cloth-schemes/athena-saints/scorpio-milo-god.jpg,5,5,14
456,403,305,athena-saints-73,7,582,assets/cloth-schemes/athena-saints/scorpio-sonia.png,5,5,16
532,471,305,athena-saints-73,7,582,assets/cloth-schemes/athena-saints/scorpio-zaphiri.png,,,7
135,125,307,athena-saints-75,6,582,assets/cloth-schemes/athena-saints/scutum-ennead.jpg,15,6,16
231,206,307,athena-saints-75,6,582,assets/cloth-schemes/athena-saints/scutum-jan.jpg,5,5,21
236,212,307,athena-saints-75,6,582,assets/cloth-schemes/athena-saints/scutum-juan.jpg,5,5,5
634,,307,athena-saints-75,5,582,assets/cloth-schemes/athena-saints/scutum-juan-online.jpg,6,6,29
568,,313,athena-saints-76,5,582,assets/cloth-schemes/athena-saints/serpens-saint.jpg,6,6,29
527,468,314,athena-saints-77,5,582,assets/cloth-schemes/athena-saints/sextans-yulij.jpg,5,5,27
635,,314,athena-saints-77,5,582,assets/cloth-schemes/athena-saints/sextante-saint.jpg,6,6,29
18,15,336,athena-saints-78,7,582,assets/cloth-schemes/athena-saints/taurus-aldebaran.jpg,1,1,1
19,15,337,athena-saints-78,9,582,assets/cloth-schemes/athena-saints/taurus-aldebaran-god.jpg,5,5,14
149,138,336,athena-saints-78,7,582,assets/cloth-schemes/athena-saints/taurus-francisca.png,,,7
182,172,336,athena-saints-78,7,582,assets/cloth-schemes/athena-saints/taurus-harbinger.png,5,5,6
186,174,336,athena-saints-78,7,582,assets/cloth-schemes/athena-saints/taurus-hasgard.png,21,21,6
346,320,336,athena-saints-78,7,582,assets/cloth-schemes/athena-saints/taurus-ox.jpg,5,5,4
480,423,336,athena-saints-78,7,582,assets/cloth-schemes/athena-saints/taurus-teneo.png,5,5,6
25,21,32,athena-saints-8,6,582,assets/cloth-schemes/athena-saints/auriga-almaaz.png,6,6,16
76,72,32,athena-saints-8,6,582,assets/cloth-schemes/athena-saints/auriga-capella.jpg,1,1,1
334,305,344,athena-saints-80,6,582,assets/cloth-schemes/athena-saints/triangulum-noesis.jpg,,,8
637,,344,athena-saints-80,6,582,assets/cloth-schemes/athena-saints/triangulum-saint-woman.jpg,,,29
437,392,318,athena-saints-82,3,582,assets/cloth-schemes/athena-saints/tucana-sho-steel.jpg,6,17,12
569,,347,athena-saints-82,,582,assets/cloth-schemes/athena-saints/tucana-saint.png,20,,6
681,392,347,athena-saints-82,,582,assets/cloth-schemes/athena-saints/tucana-sho.jpg,6,6,
116,109,351,athena-saints-83,5,582,assets/cloth-schemes/athena-saints/ursa-major-geki.jpg,1,1,6
162,152,351,athena-saints-83,5,582,assets/cloth-schemes/athena-saints/ursa-major-geki.jpg,1,1,42
682,152,447,athena-saints-83,3,582,assets/cloth-schemes/athena-saints/ursa-major-geki-steel.png,,8,16
519,459,352,athena-saints-84,5,582,assets/cloth-schemes/athena-saints/ursa-minor-xiaoling.png,4,4,5
751,509,468,athena-saints-84,4,582,assets/cloth-schemes/eris-dryads/plunder-layla.jpg,,,12
504,443,355,athena-saints-85,6,582,assets/cloth-schemes/athena-saints/vela-tsubaki.png,5,5,6
45,40,356,athena-saints-86,7,582,assets/cloth-schemes/athena-saints/virgo-asmita.png,21,21,6
151,141,356,athena-saints-86,7,582,assets/cloth-schemes/athena-saints/virgo-fudou.png,5,5,16
419,381,356,athena-saints-86,7,582,assets/cloth-schemes/athena-saints/virgo-shaka.jpg,1,1,1
420,381,357,athena-saints-86,9,582,assets/cloth-schemes/athena-saints/virgo-shaka-god.jpg,5,5,14
424,385,356,athena-saints-86,7,582,assets/cloth-schemes/athena-saints/virgo-shijima.png,,,4
445,395,356,athena-saints-86,7,582,assets/cloth-schemes/athena-saints/virgo-shun.png,,,10
39,34,359,athena-saints-87,5,582,assets/cloth-schemes/athena-saints/volans-argo.jpg,5,6,16
639,,359,athena-saints-87,5,582,assets/cloth-schemes/athena-saints/volans-saint.jpg,20,20,6
640,34,359,athena-saints-87,5,582,assets/cloth-schemes/athena-saints/volans-argo-online.jpg,6,6,29
98,94,187,athena-saints-88,3,582,assets/cloth-schemes/athena-saints/vulpecula-daichi.jpg,6,17,12
62,57,49,athena-saints-9,6,582,assets/cloth-schemes/athena-saints/bootes-bayer.png,6,6,6
593,503,414,athena-saints-9,6,582,assets/cloth-schemes/athena-saints/bootes-saint.png,20,20,6
51,46,,athena-soldiers,1,582,assets/cloth-schemes/athena-saints/soldier-atla.jpg,,,6
80,76,,athena-soldiers,1,582,assets/cloth-schemes/athena-saints/soldier-cassios.jpg,17,,1
157,147,,athena-soldiers,1,582,assets/cloth-schemes/athena-saints/soldier-gangsa.jpg,,,6
229,204,,athena-soldiers,1,582,assets/cloth-schemes/athena-saints/soldier-jaki.jpg,,,12
310,281,,athena-soldiers,1,582,assets/cloth-schemes/athena-saints/soldier-mine.png,,,7
317,288,,athena-soldiers,1,582,assets/cloth-schemes/athena-saints/soldier-mito.jpg,,,5
347,321,,athena-soldiers,1,582,assets/cloth-schemes/athena-saints/soldier-pakia.jpg,,,6
401,372,,athena-soldiers,1,582,assets/cloth-schemes/athena-saints/soldier-salinsa.jpg,,,6
402,373,,athena-soldiers,1,582,assets/cloth-schemes/athena-saints/soldier-salo.jpg,,,6
423,384,,athena-soldiers,,582,assets/cloth-schemes/athena-saints/soldier-sher-khan.jpg,,,29
438,393,,athena-soldiers,1,582,assets/cloth-schemes/athena-saints/soldier-sho.jpg,,,6
483,425,,athena-soldiers,1,582,assets/cloth-schemes/athena-saints/soldier-terrorist.png,,,8
93,89,87,athena-unknown-saints,,582,assets/cloth-schemes/athena-saints/crystal-saint.png,6,6,12
111,105,,athena-unknown-saints,,582,assets/cloth-schemes/athena-saints/docrates.jpg,20,20,12
132,122,39,athena-unknown-saints,3,582,assets/cloth-schemes/athena-saints/emma.png,,11,16
136,126,39,athena-unknown-saints,3,582,assets/cloth-schemes/athena-saints/elna.png,,11,16
161,151,151,athena-unknown-saints,6,582,assets/cloth-schemes/athena-saints/ghosts-master-geist.jpg,6,6,12
165,155,,athena-unknown-saints,,582,assets/cloth-schemes/athena-saints/georges.jpg,,,16
169,159,,athena-unknown-saints,,582,assets/cloth-schemes/athena-saints/gigas.png,17,,12
170,160,,athena-unknown-saints,,582,assets/cloth-schemes/athena-saints/gioca.png,,,7
173,,315,athena-unknown-saints,,582,assets/cloth-schemes/athena-saints/shadow-cloth.jpg,1,,35
176,166,,athena-unknown-saints,,582,assets/cloth-schemes/athena-saints/guilty.png,17,,1
232,207,,athena-unknown-saints,4,582,assets/cloth-schemes/athena-saints/jango.jpg,17,,1
253,229,39,athena-unknown-saints,3,582,assets/cloth-schemes/athena-saints/kelly.png,,11,16
276,247,,athena-unknown-saints,5,582,assets/cloth-schemes/athena-saints/leda.png,6,6,12
462,407,,athena-unknown-saints,6,582,assets/cloth-schemes/athena-saints/spartan.jpg,,,12
465,410,,athena-unknown-saints,5,582,assets/cloth-schemes/athena-saints/spica.jpg,5,5,12
478,248,,athena-unknown-saints,39,,assets/cloth-schemes/athena-saints/old-master.jpg,,,7
549,510,31,athena-unknown-saints,6,582,assets/cloth-schemes/athena-saints/atrium-matthew.jpg,6,6,29
557,554,181,athena-unknown-saints,,582,assets/cloth-schemes/athena-saints/jellyfish-saint.jpg,,24,12
563,,251,athena-unknown-saints,5,582,assets/cloth-schemes/athena-saints/silver-oriolus-saint.jpg,6,6,29
567,553,311,athena-unknown-saints,,582,assets/cloth-schemes/athena-saints/sea-serpent-saint.jpg,24,17,12
612,,,athena-unknown-saints,4,582,assets/cloth-schemes/athena-saints/docrates-soldier.jpg,11,11,12
617,,470,athena-unknown-saints,6,582,assets/cloth-schemes/athena-saints/ghosts-master-saint.jpg,6,6,29
636,558,434,athena-unknown-saints,6,582,assets/cloth-schemes/athena-saints/tornado-ellan-1.jpg,6,6,29
648,566,,athena-unknown-saints,,582,assets/cloth-schemes/athena-saints/saint-a.jpg,5,5,12
649,567,,athena-unknown-saints,,582,assets/cloth-schemes/athena-saints/saint-b.jpg,5,5,12
650,568,,athena-unknown-saints,,582,assets/cloth-schemes/athena-saints/saint-c.jpg,5,5,12
683,3,,athena-unknown-saints,,582,assets/cloth-schemes/athena-saints/vice-principal.jpg,,,16
691,76,388,athena-unknown-saints,4,582,assets/cloth-schemes/athena-saints/black-saint-cassios.jpg,5,5,30
694,207,427,athena-unknown-saints,4,582,assets/cloth-schemes/athena-saints/black-saint-vander-graad.jpg,,,30
720,612,84,athena-unknown-saints,,582,assets/cloth-schemes/athena-saints/flame-heat-saint.png,5,5,12
721,613,,athena-unknown-saints,,582,assets/cloth-schemes/athena-saints/andromeda-island-male-saint.jpg,9,,12
722,614,,athena-unknown-saints,,582,assets/cloth-schemes/athena-saints/andromeda-island-female-saint.jpg,5,5,12
723,,381,athena-unknown-saints,6,582,assets/cloth-schemes/athena-saints/aurora-saint.jpg,6,6,29
724,,452,athena-unknown-saints,6,582,assets/cloth-schemes/athena-saints/desert-saint.jpg,6,6,29
725,,453,athena-unknown-saints,6,582,assets/cloth-schemes/athena-saints/thunderstorm-saint.jpg,6,6,29
726,,454,athena-unknown-saints,6,582,assets/cloth-schemes/athena-saints/tsunami-saint.jpg,6,6,29
727,558,469,athena-unknown-saints,6,582,assets/cloth-schemes/athena-saints/tornado-ellan-2.jpg,6,6,29
742,500,,athena-unknown-saints,4,582,assets/cloth-schemes/athena-saints/the-trio-of-darkness-1.jpg,20,,12
743,501,,athena-unknown-saints,4,582,assets/cloth-schemes/athena-saints/the-trio-of-darkness-2.jpg,20,,12
744,502,,athena-unknown-saints,4,582,assets/cloth-schemes/athena-saints/the-trio-of-darkness-3.jpg,20,,12
752,558,455,athena-unknown-saints,9,582,assets/cloth-schemes/athena-saints/tornado-ellan-god.jpg,6,6,29
753,151,470,athena-unknown-saints,6,582,assets/cloth-schemes/athena-saints/ghosts-master-geist-v2.jpg,6,6,12
762,513,,athena-unknown-saints,4,,assets/cloth-schemes/athena-saints/nero-priest.jpg,10,,40
422,383,37,balor-fairies,,492,assets/cloth-schemes/balor-fairies/banshee-shelley.jpg,6,6,7
92,88,35,balor-gods,9,492,assets/cloth-schemes/balor-fairies/balor-cruaich.jpg,6,6,7
68,,399,blue-warrior-low-ranking,,495,assets/cloth-schemes/odin-blue-warriors/blue-warriors-soldiers.jpg,,,1
158,148,,blue-warrior-representative,,495,assets/cloth-schemes/odin-blue-warriors/garcia.jpg,,,6
364,339,,blue-warrior-representative,,495,assets/cloth-schemes/odin-blue-warriors/piotr.jpg,,,1
511,450,353,blue-warrior-representative,31,495,assets/cloth-schemes/odin-blue-warriors/valkyrie.jpg,6,6,29
689,139,140,blue-warriors,,495,assets/cloth-schemes/odin-blue-warriors/frey-alexei.jpg,5,5,1
729,,,blue-warrior-soldiers,,495,assets/cloth-schemes/odin-blue-warriors/blue-graad-soldier.jpg,,,1
53,48,,cronus-other-titans,9,84,assets/cloth-schemes/cronus-titans/atlas.png,,,8
140,129,,cronus-other-titans,9,84,assets/cloth-schemes/cronus-titans/eurybia.png,10,,8
368,343,,cronus-other-titans,9,84,assets/cloth-schemes/cronus-titans/prometheus.jpg,10,,8
765,516,,cronus-other-titans,,84,,,,19
766,517,,cronus-other-titans,,84,,,,19
88,84,343,cronus-titans-1,9,84,assets/cloth-schemes/cronus-titans/time-cronus.jpg,5,25,8
484,426,319,cronus-titans-10,9,84,assets/cloth-schemes/cronus-titans/ocean-tethys.jpg,5,25,8
91,87,143,cronus-titans-11,9,84,assets/cloth-schemes/cronus-titans/galaxy-crius.jpg,5,25,8
319,291,220,cronus-titans-12,9,84,assets/cloth-schemes/cronus-titans/memory-mnemosyne.jpg,5,25,8
380,356,233,cronus-titans-2,9,84,assets/cloth-schemes/cronus-titans/mother-of-gods-rhea.jpg,5,25,8
204,186,126,cronus-titans-3,9,444,assets/cloth-schemes/cronus-titans/ebony-hyperion.jpg,5,25,8
487,429,177,cronus-titans-4,9,84,assets/cloth-schemes/cronus-titans/illumination-theia.jpg,5,25,8
208,190,108,cronus-titans-5,9,444,assets/cloth-schemes/cronus-titans/dimension-iapetos.jpg,5,25,8
488,430,109,cronus-titans-6,9,84,assets/cloth-schemes/cronus-titans/divine-justice-themis.jpg,5,25,8
89,85,96,cronus-titans-7,9,84,assets/cloth-schemes/cronus-titans/dark-lightning-coeus.jpg,5,25,8
362,337,229,cronus-titans-8,9,84,assets/cloth-schemes/cronus-titans/moon-phoebe.jpg,5,25,8
335,309,88,cronus-titans-9,9,84,assets/cloth-schemes/cronus-titans/current-oceanus.jpg,5,25,8
693,543,461,cyclops,,,assets/cloth-schemes/cyclops/arges-red-god.png,,,36
739,498,460,cyclops,,,assets/cloth-schemes/cyclops/steropes-blue-god.jpg,,,36
740,497,457,cyclops,,,assets/cloth-schemes/cyclops/brontes-dark-god.jpg,,,36
50,45,299,eris-dryads,,308,assets/cloth-schemes/eris-dryads/ruin-ate.png,10,,5
103,97,289,eris-dryads,,308,assets/cloth-schemes/eris-dryads/punishment-deathmask.png,,,5
120,113,7,eris-dryads,,308,assets/cloth-schemes/eris-dryads/anarchy-dysnomia.jpg,,,5
133,123,210,eris-dryads,,308,assets/cloth-schemes/eris-dryads/malice-emony.png,10,,5
207,189,123,eris-dryads,,308,assets/cloth-schemes/eris-dryads/duel-hysmie.jpg,6,,5
289,262,209,eris-dryads,,308,assets/cloth-schemes/eris-dryads/madness-mania.jpg,,,5
292,265,245,eris-dryads,,308,assets/cloth-schemes/eris-dryads/oblivion-maria.png,,,5
363,338,234,eris-dryads,,308,assets/cloth-schemes/eris-dryads/murder-phonos.jpg,10,6,5
366,341,297,eris-dryads,,308,assets/cloth-schemes/eris-dryads/revenge-poena.jpg,,,5
384,359,255,eris-dryads,45,308,assets/cloth-schemes/eris-dryads/pain-rigel.png,10,10,5
526,467,171,eris-dryads,,308,assets/cloth-schemes/eris-dryads/famine-yufa.jpg,,,5
580,490,403,eris-dryads,,308,assets/cloth-schemes/eris-dryads/oath-edward.jpg,,,5
745,506,463,eris-dryads,,308,assets/cloth-schemes/eris-dryads/lies-pseudos.jpg,,,5
746,508,464,eris-dryads,,308,assets/cloth-schemes/eris-dryads/massacre-androctasias.jpg,,,5
747,507,462,eris-dryads,,308,assets/cloth-schemes/eris-dryads/deception-patty.jpg,,,5
748,509,465,eris-dryads,,308,assets/cloth-schemes/eris-dryads/plunder-layla.jpg,,,5
128,118,136,eris-gods,9,308,assets/cloth-schemes/eris-dryads/eris-eri-aizawa.jpg,17,,21
397,370,25,eris-gods,9,33,assets/cloth-schemes/eris-dryads/ares-saga.jpg,5,5,5
687,238,136,eris-gods,9,308,assets/cloth-schemes/eris-dryads/eris-kyoko.jpg,,,5
688,308,136,eris-gods,9,308,assets/cloth-schemes/eris-dryads/eris.jpg,17,,21
494,436,477,eris-soldiers,1,308,assets/cloth-schemes/eris-dryads/hope-toki.png,,,5
79,75,321,garnet-jewels,,149,assets/cloth-schemes/garnet-jewels/sliced-blood-carnelian.jpg,,15,7
82,78,178,garnet-jewels,,149,assets/cloth-schemes/garnet-jewels/illusions-chalcedony.jpg,,15,7
145,134,138,garnet-jewels,,149,assets/cloth-schemes/garnet-jewels/flaming-fist-flint.jpg,,15,7
263,235,183,garnet-jewels,,149,assets/cloth-schemes/garnet-jewels/koh-i-noor-krest.jpg,,15,7
502,441,129,garnet-jewels,,149,assets/cloth-schemes/garnet-jewels/electricity-tourmasline.jpg,,15,7
159,149,361,garnet-leader,,149,assets/cloth-schemes/garnet-jewels/vouivre-garnet.jpg,3,3,7
522,463,222,hades-celestial-star-1,13,168,assets/cloth-schemes/hades-specters/mephistopheles-yoma.jpg,3,3,6
311,282,156,hades-celestial-star-10,13,168,assets/cloth-schemes/hades-specters/griffon-minos.jpg,1,1,1
512,451,156,hades-celestial-star-10,13,168,assets/cloth-schemes/hades-specters/griffon-minos.jpg,1,1,4
514,453,44,hades-celestial-star-13,13,168,assets/cloth-schemes/hades-specters/behemoth-violate.jpg,3,3,6
153,143,211,hades-celestial-star-14,13,168,assets/cloth-schemes/hades-specters/mandrake-fyodor.jpg,3,3,6
285,258,121,hades-celestial-star-15,13,168,assets/cloth-schemes/hades-specters/dryad-luco.jpg,3,3,7
476,418,40,hades-celestial-star-16,13,168,assets/cloth-schemes/hades-specters/basilisk-sylphid.jpg,1,1,1
321,293,,hades-celestial-star-17,13,168,assets/cloth-schemes/hades-specters/moe.jpg,6,6,29
95,91,,hades-celestial-star-21,13,168,assets/cloth-schemes/hades-specters/curly.jpg,6,6,29
467,412,,hades-celestial-star-22,13,168,assets/cloth-schemes/hades-specters/steven.jpg,6,6,29
513,452,238,hades-celestial-star-24,13,168,assets/cloth-schemes/hades-specters/nasu-veronica.jpg,3,3,6
174,164,150,hades-celestial-star-25,13,168,assets/cloth-schemes/hades-specters/genbu-gregor.jpg,3,3,7
121,114,354,hades-celestial-star-26,13,168,assets/cloth-schemes/hades-specters/vampire-erhart.jpg,6,6,7
360,334,206,hades-celestial-star-29,13,168,assets/cloth-schemes/hades-specters/lycaon-phlegyas.jpg,1,1,1
86,82,68,hades-celestial-star-30,13,168,assets/cloth-schemes/hades-specters/cetus-chris.jpg,6,6,7
225,200,346,hades-celestial-star-31,13,168,assets/cloth-schemes/hades-specters/troll-ivan.jpg,1,1,1
171,161,226,hades-celestial-star-32,13,168,assets/cloth-schemes/hades-specters/minotauros-gordon.jpg,1,1,1
241,217,46,hades-celestial-star-34,13,168,assets/cloth-schemes/hades-specters/bennu-kagaho-v1.jpg,3,3,6
736,217,188,hades-celestial-star-34,13,168,assets/cloth-schemes/hades-specters/bennu-kagaho-v2.jpg,3,3,6
510,449,164,hades-celestial-star-35,13,168,assets/cloth-schemes/hades-specters/harpy-valentine.jpg,1,1,1
498,438,163,hades-celestial-star-36,13,168,assets/cloth-schemes/hades-specters/hanuman-tokusa.jpg,3,3,7
83,79,1,hades-celestial-star-4,13,168,assets/cloth-schemes/hades-specters/acheron-charon.jpg,1,1,1
577,487,1,hades-celestial-star-4,13,168,assets/cloth-schemes/hades-specters/acheron-nyan.png,6,6,4
9,9,146,hades-celestial-star-6,13,168,assets/cloth-schemes/hades-specters/garuda-aiacos.jpg,1,1,1
472,414,146,hades-celestial-star-6,13,168,assets/cloth-schemes/hades-specters/garuda-aiacos.jpg,1,1,4
379,355,366,hades-celestial-star-7,13,168,assets/cloth-schemes/hades-specters/wyvern-rhadamanthys-1.jpg,1,1,1
698,355,9,hades-celestial-star-7,13,168,assets/cloth-schemes/hades-specters/wyvern-rhadamanthys-2.jpg,3,3,6
579,,402,hades-celestial-star-8,,168,assets/cloth-schemes/hades-specters/wyrm-1.jpg,6,6,29
737,,404,hades-celestial-star-8,,168,assets/cloth-schemes/hades-specters/wyrm-2.jpg,6,6,29
738,,230,hades-celestial-star-8,,168,assets/cloth-schemes/hades-specters/wyrm-god.jpg,6,6,29
288,261,36,hades-celestial-star-9,13,168,assets/cloth-schemes/hades-specters/balron-lune.jpg,1,1,1
117,110,,hades-faceless,,168,assets/cloth-schemes/hades-faceless/dragon.png,,,10
371,346,,hades-faceless,,168,assets/cloth-schemes/hades-faceless/pyromaniac.jpg,,,10
458,405,,hades-faceless,,168,assets/cloth-schemes/hades-faceless/soul-reaper.jpg,,,10
516,456,,hades-faceless,,168,assets/cloth-schemes/hades-faceless/wadatsumi.png,,,10
710,603,,hades-faceless,,168,assets/cloth-schemes/hades-faceless/fear-demon.png,,,10
711,604,,hades-faceless,,168,assets/cloth-schemes/hades-faceless/fire-demon.png,,,10
714,605,,hades-faceless,,168,assets/cloth-schemes/hades-faceless/thunder-clouds.png,,,10
715,,,hades-faceless,,168,assets/cloth-schemes/hades-faceless/unnamed-faceless.png,,,10
26,22,159,hades-gods,9,168,assets/cloth-schemes/hades-specters/hades-alone.png,10,10,6
178,168,159,hades-gods,9,168,assets/cloth-schemes/hades-specters/hades.jpg,1,1,1
206,188,174,hades-gods,9,168,assets/cloth-schemes/hades-specters/hypnos.jpg,1,1,1
209,191,176,hades-gods,9,168,assets/cloth-schemes/hades-specters/illusion-icelus.jpg,3,3,6
252,228,182,hades-gods,9,168,assets/cloth-schemes/hades-specters/ker.jpg,1,1,3
322,294,232,hades-gods,9,168,assets/cloth-schemes/hades-specters/modeler-morpheus.jpg,3,3,6
341,315,248,hades-gods,9,168,assets/cloth-schemes/hades-specters/dream-oneiros.jpg,3,3,6
356,330,272,hades-gods,9,168,assets/cloth-schemes/hades-specters/persephone.jpg,6,6,29
358,332,275,hades-gods,9,168,assets/cloth-schemes/hades-specters/portrayer-phantasos.jpg,3,3,6
361,335,277,hades-gods,9,168,assets/cloth-schemes/hades-specters/phobetor.png,5,5,7
485,427,339,hades-gods,9,168,assets/cloth-schemes/hades-specters/thanatos.jpg,1,1,1
657,315,439,hades-gods,9,168,assets/cloth-schemes/hades-specters/dream-oneiros-fusion.jpg,6,,6
143,132,48,hades-other-specters-1,,168,assets/cloth-schemes/hades-specters/black-terror-felser.jpg,6,6,7
355,329,242,hades-other-specters-1,,168,assets/cloth-schemes/hades-specters/owl-partita.jpg,3,3,6
446,396,38,hades-other-specters-1,,168,assets/cloth-schemes/hades-specters/baphomet-shura.png,,,10
555,,144,hades-other-specters-1,,168,assets/cloth-schemes/hades-specters/gargoyle-surplice.jpg,1,1,4
466,411,97,hades-other-specters-10,13,168,assets/cloth-schemes/hades-specters/deadly-beetle-stand.jpg,1,1,1
719,,,hades-other-specters-2,,168,assets/cloth-schemes/hades-specters/star-matter.jpg,6,6,29
274,245,,hades-other-specters-3,13,168,assets/cloth-schemes/hades-specters/larry.jpg,6,6,29
561,,,hades-other-specters-4,,168,assets/cloth-schemes/hades-specters/star-strength.jpg,6,6,29
718,607,,hades-other-specters-5,13,168,assets/cloth-schemes/hades-specters/stone.jpg,6,6,29
71,68,239,hades-other-specters-6,13,168,assets/cloth-schemes/hades-specters/necromancer-byaku.png,3,3,6
359,333,324,hades-other-specters-7,13,168,assets/cloth-schemes/hades-specters/sphinx-pharaoh.jpg,1,1,1
372,347,5,hades-other-specters-8,13,168,assets/cloth-schemes/hades-specters/alraune-queen.jpg,1,1,1
386,361,152,hades-other-specters-9,13,168,assets/cloth-schemes/hades-specters/golem-rock.jpg,1,1,1
350,325,,hades-representative,31,168,assets/cloth-schemes/hades-specters/pandora-heinstein.png,10,10,1
295,268,317,hades-skeleton,1,168,assets/cloth-schemes/hades-specters/skeleton-markino.jpg,1,1,1
674,,,hades-terrestrial-star-100,14,168,assets/cloth-schemes/hades-specters/star-number.jpg,6,6,1
94,90,124,hades-terrestrial-star-101,14,168,assets/cloth-schemes/hades-specters/dullahan-cube.jpg,,,1
658,,,hades-terrestrial-star-102,14,168,assets/cloth-schemes/hades-specters/star-execute-centopiedi.png,5,5,1
306,278,131,hades-terrestrial-star-104,14,168,assets/cloth-schemes/hades-specters/elf-mills.png,17,17,1
49,44,,hades-terrestrial-star-37,14,168,assets/cloth-schemes/hades-specters/atavaka.jpg,3,3,7
673,,,hades-terrestrial-star-42,14,168,assets/cloth-schemes/hades-specters/star-majestic.jpg,6,6,1
318,290,141,hades-terrestrial-star-44,14,168,assets/cloth-schemes/hades-specters/frog-zelos.jpg,1,1,4
533,472,141,hades-terrestrial-star-44,14,168,assets/cloth-schemes/hades-specters/frog-zelos.jpg,1,1,1
671,,,hades-terrestrial-star-45,14,168,assets/cloth-schemes/hades-specters/star-fierce.jpg,6,6,1
538,479,98,hades-terrestrial-star-48,14,168,assets/cloth-schemes/hades-specters/deadly-harlequin-kafka.jpg,6,6,1
333,304,102,hades-terrestrial-star-51,14,168,assets/cloth-schemes/hades-specters/deep-niobe.jpg,1,1,1
664,,,hades-terrestrial-star-56,14,168,assets/cloth-schemes/hades-specters/star-efficacious.jpg,6,6,1
84,80,53,hades-terrestrial-star-57,14,168,assets/cloth-schemes/hades-specters/cat-sith-cheshire.jpg,3,3,6
168,158,89,hades-terrestrial-star-60,14,168,assets/cloth-schemes/hades-specters/cyclops-gigant.jpg,1,1,1
661,,,hades-terrestrial-star-63,14,168,assets/cloth-schemes/hades-specters/star-crazy-surplice.jpg,6,6,1
127,117,332,hades-terrestrial-star-64,14,168,assets/cloth-schemes/hades-specters/sylph-edward.jpg,3,3,6
336,310,153,hades-terrestrial-star-65,14,168,assets/cloth-schemes/hades-specters/gorgon-ochs.jpg,17,17,1
665,,,hades-terrestrial-star-67,14,168,assets/cloth-schemes/hades-specters/star-bright.jpg,6,6,1
672,,,hades-terrestrial-star-68,14,168,assets/cloth-schemes/hades-specters/star-forward.jpg,6,6,1
666,,,hades-terrestrial-star-69,14,168,assets/cloth-schemes/hades-specters/star-retreating.jpg,6,6,1
667,,,hades-terrestrial-star-71,14,168,assets/cloth-schemes/hades-specters/star-succeed.jpg,6,6,1
668,,,hades-terrestrial-star-75,14,168,assets/cloth-schemes/hades-specters/star-manage.jpg,6,6,1
659,,,hades-terrestrial-star-77,14,168,assets/cloth-schemes/hades-specters/star-of-music-surplice.jpg,6,6,1
660,,,hades-terrestrial-star-79,14,168,assets/cloth-schemes/hades-specters/star-speed-surplice.png,5,5,1
242,218,,hades-terrestrial-star-80,14,168,assets/cloth-schemes/hades-specters/kageboshi.jpg,6,6,7
329,300,257,hades-terrestrial-star-83,14,168,assets/cloth-schemes/hades-specters/papillon-myu.jpg,1,1,1
559,,,hades-terrestrial-star-84,14,168,assets/cloth-schemes/hades-specters/star-tranquil.jpg,6,6,1
560,,,hades-terrestrial-star-84,,168,assets/cloth-schemes/hades-specters/star-tranquil-saint-seiya-online.jpg,6,6,29
269,241,365,hades-terrestrial-star-85,14,168,assets/cloth-schemes/hades-specters/worm-laimi.jpg,1,1,1
669,596,,hades-terrestrial-star-87,14,168,assets/cloth-schemes/hades-specters/fabio.jpg,6,6,29
166,156,,hades-terrestrial-star-92,14,168,assets/cloth-schemes/hades-specters/gerald.jpg,5,5,29
279,251,350,hades-terrestrial-star-92,14,168,assets/cloth-schemes/hades-specters/upyr-leybold.jpg,6,6,7
662,,,hades-terrestrial-star-93,14,168,assets/cloth-schemes/hades-specters/star-hidden.jpg,6,6,1
670,,,hades-terrestrial-star-94,14,168,assets/cloth-schemes/hades-specters/star-level.jpg,6,6,1
663,,,hades-terrestrial-star-96,14,168,assets/cloth-schemes/hades-specters/star-slave.jpg,5,5,1
518,458,41,hades-terrestrial-star-97,14,168,assets/cloth-schemes/hades-specters/bat-wimber.jpg,3,3,6
223,198,,hades-terrestrial-star-98,14,168,assets/cloth-schemes/hades-specters/isolde.jpg,6,6,29
3,,,hakuryu-high-ranking,21,496,assets/cloth-schemes/hakuryu-taonias/high-ranking-taonias.jpg,,,7
595,,,hakuryu-low-ranking,25,496,assets/cloth-schemes/hakuryu-taonias/low-ranking-taonias.jpg,,,7
142,131,161,hakuryu-taonias,21,496,assets/cloth-schemes/hakuryu-taonias/hakutaku-feiyan.jpg,3,3,7
196,184,241,hakuryu-taonias,21,496,assets/cloth-schemes/hakuryu-taonias/nine-tailed-fox-hui.jpg,3,3,7
280,252,160,hakuryu-gods,9,496,assets/cloth-schemes/hakuryu-taonias/hakuryu-liu-xing.jpg,6,6,7
326,297,323,hakuryu-taonias,21,496,assets/cloth-schemes/hakuryu-taonias/sparrow-mudan.jpg,3,3,7
270,242,,lamech-gods,9,242,assets/cloth-schemes/lamech-servants/nothing-lamech.jpg,,,29
452,400,,lamech-servants,,242,assets/cloth-schemes/lamech-servants/sillas.jpg,6,6,29
286,259,216,mars-gods,9,33,assets/cloth-schemes/ares-martians/mars-ludwig.png,5,5,16
56,51,34,mars-heavenly-kings,44,33,assets/cloth-schemes/ares-martians/bacchus.png,5,5,16
108,102,107,mars-heavenly-kings,44,33,assets/cloth-schemes/ares-martians/diana.png,5,5,16
389,364,298,mars-heavenly-kings,44,33,assets/cloth-schemes/ares-martians/romulus.png,5,5,16
515,455,362,mars-heavenly-kings,44,33,assets/cloth-schemes/ares-martians/vulcanus.png,5,5,16
64,59,42,mars-martians,,33,assets/cloth-schemes/ares-martians/beetle-brothers-1.png,,11,16
65,60,43,mars-martians,,33,assets/cloth-schemes/ares-martians/beetle-brothers-2.png,,11,16
291,264,217,mars-martians,15,33,assets/cloth-schemes/ares-martians/martian-commander.png,,8,16
342,316,212,mars-martians,,33,assets/cloth-schemes/ares-martians/mantis-ordykia.png,5,8,16
374,349,13,mars-martians,,33,assets/cloth-schemes/ares-martians/ant-radzinsky.png,,8,16
375,350,325,mars-martians,,33,assets/cloth-schemes/ares-martians/spider-ragno.png,,11,16
455,403,167,mars-martians,,33,assets/cloth-schemes/ares-martians/hornet-sonia.png,,8,16
298,271,,mars-representatives,20,33,assets/cloth-schemes/ares-martians/medea.png,,,16
543,,322,mars-soldiers,,33,assets/cloth-schemes/ares-martians/martian-soldiers.png,11,11,16
548,,14,mars-soldiers,1,33,assets/cloth-schemes/ares-martians/ant-squad-soldier.png,,8,16
17,14,,odin-asgard-soldiers,,495,assets/cloth-schemes/odin-god-warriors/alberich-xiii.jpg,17,,12
147,136,,odin-asgard-soldiers,,495,assets/cloth-schemes/odin-god-warriors/folken.jpg,17,,12
651,569,,odin-asgard-soldiers,1,495,assets/cloth-schemes/odin-god-warriors/asgard-soldier.jpg,20,,22
764,399,,odin-asgard-soldiers,,495,assets/cloth-schemes/odin-god-warriors/siegfried.jpg,,,12
192,180,334,odin-chamber-1,,495,assets/cloth-schemes/odin-god-warriors/tanngrisnir-heracles.png,5,5,14
141,130,237,odin-chamber-2,,495,assets/cloth-schemes/odin-god-warriors/nidhoggr-fafner.png,5,5,14
59,54,169,odin-chamber-3,,495,assets/cloth-schemes/odin-god-warriors/hr%C3%A6svelgr-baldr.png,5,5,14
48,43,145,odin-chamber-4,,495,assets/cloth-schemes/odin-god-warriors/garmr-utgardar.png,5,5,14
148,137,158,odin-chamber-5,,495,assets/cloth-schemes/odin-god-warriors/gullinbursti-frodi.png,5,5,14
450,398,155,odin-chamber-6,,495,assets/cloth-schemes/odin-god-warriors/grani-sigmund.png,5,5,14
474,416,128,odin-chamber-7,,495,assets/cloth-schemes/odin-god-warriors/eikthyrnir-surt.png,5,5,14
780,24,,odin-chamber-representative,31,495,assets/cloth-schemes/odin-god-warriors/andreas-lise.jpg,5,5,22
12,10,246,odin-gods,9,495,assets/cloth-schemes/odin-god-warriors/odin-aiolia.jpg,5,5,14
28,24,199,odin-gods,9,495,assets/cloth-schemes/odin-god-warriors/loki-andreas-lise.jpg,5,5,14
416,379,246,odin-gods,9,495,assets/cloth-schemes/odin-god-warriors/odin-seiya.jpg,5,5,12
728,619,456,odin-gods,9,495,assets/cloth-schemes/odin-god-warriors/loki-vsaint-seiya-online.jpg,6,6,29
203,185,225,odin-god-warriors,,495,assets/cloth-schemes/odin-god-warriors/midgard-hyoga.png,5,5,22
282,254,200,odin-god-warriors,,495,assets/cloth-schemes/odin-god-warriors/loki.png,5,5,22
391,366,300,odin-god-warriors,,495,assets/cloth-schemes/odin-god-warriors/rung.png,5,5,22
506,445,349,odin-god-warriors,,495,assets/cloth-schemes/odin-god-warriors/ullr.png,5,5,22
119,112,120,odin-god-warriors-representative,31,495,assets/cloth-schemes/odin-god-warriors/drbal.png,5,5,22
193,181,287,odin-ursa-major-representative,31,495,assets/cloth-schemes/odin-god-warriors/polaris-hilda.jpg,17,,12
449,397,122,odin-ursa-major-star-1,,495,assets/cloth-schemes/odin-god-warriors/dubhe-siegfried.jpg,,,12
179,169,223,odin-ursa-major-star-2,,495,assets/cloth-schemes/odin-god-warriors/merak-hagen.jpg,,,12
16,13,218,odin-ursa-major-star-3,,495,assets/cloth-schemes/odin-god-warriors/megrez-alberich.jpg,,,12
144,133,4,odin-ursa-major-star-4,,495,assets/cloth-schemes/odin-god-warriors/alioth-fenrir.jpg,,,12
309,280,45,odin-ursa-major-star-5,,495,assets/cloth-schemes/odin-god-warriors/benetnasch-mime.jpg,,,12
491,433,276,odin-ursa-major-star-6,,495,assets/cloth-schemes/odin-god-warriors/phecda-thor.jpg,,,12
70,67,3,odin-ursa-major-star-7,,495,assets/cloth-schemes/odin-god-warriors/alcor-bud.jpg,,,12
475,417,227,odin-ursa-major-star-7,,495,assets/cloth-schemes/odin-god-warriors/mizar-syd.jpg,,,12
35,30,,other-characters,9,,assets/cloth-schemes/others/apsu.png,,,16
41,36,,other-characters,41,28,assets/cloth-schemes/others/arkhes.png,10,,7
90,86,,other-characters,38,306,assets/cloth-schemes/others/cor-tauri.jpg,,,7
150,140,,other-characters,,495,assets/cloth-schemes/others/natassia-freya.jpg,17,,1
154,144,,other-characters,9,144,assets/cloth-schemes/others/gaia.png,10,,8
188,176,,other-characters,42,,assets/cloth-schemes/others/hecate.jpg,5,5,4
189,177,,other-characters,,84,assets/cloth-schemes/others/hecatonchires.jpg,,,8
190,178,,other-characters,38,84,assets/cloth-schemes/others/hector.jpg,,,8
243,219,,other-characters,9,524,assets/cloth-schemes/others/kairos.jpg,6,6,6
312,283,,other-characters,40,84,assets/cloth-schemes/others/minos.png,,,8
367,342,29,other-characters,9,144,assets/cloth-schemes/others/pontos.jpg,,,8
508,447,,other-characters,9,144,assets/cloth-schemes/others/uranus.png,,,8
523,464,,other-characters,43,,assets/cloth-schemes/others/yoshimi-morigakure-masataka.png,,,16
535,475,,other-characters,38,84,assets/cloth-schemes/others/gigas.png,,,8
570,378,,other-characters,,,assets/cloth-schemes/others/seika.jpg,17,,1
571,461,,other-characters,,,assets/cloth-schemes/others/shunrei.jpg,17,,1
603,222,,other-characters,,,assets/cloth-schemes/others/natassia.jpg,17,,1
628,524,,other-characters,,524,assets/cloth-schemes/others/chronos.png,,,18
684,602,,other-characters,,582,assets/cloth-schemes/others/asamori-hakase.jpg,23,23,12
685,352,,other-characters,,,assets/cloth-schemes/others/misha.png,,,16
686,289,,other-characters,,,assets/cloth-schemes/others/mitsumasa-kido.jpg,17,,1
692,420,,other-characters,38,306,assets/cloth-schemes/others/tityos.png,,,10
697,583,,other-characters,,,assets/cloth-schemes/others/failinis.png,,,7
699,577,,other-characters,24,582,assets/cloth-schemes/others/goldy.jpg,16,,4
700,578,,other-characters,24,582,assets/cloth-schemes/others/blondy.png,,,4
701,579,,other-characters,,,assets/cloth-schemes/others/shoryu.png,,,4
702,422,,other-characters,,582,assets/cloth-schemes/others/tatsumi-tokumaru.jpg,17,,1
703,580,,other-characters,,582,assets/cloth-schemes/others/father-tokumaru.png,,,5
705,474,,other-characters,,582,assets/cloth-schemes/others/lithos-chrysalis.png,,,8
708,454,,other-characters,,,assets/cloth-schemes/others/viviane.jpg,,,10
709,255,,other-characters,,,assets/cloth-schemes/others/natassia-daughter.png,,,10
717,606,,other-characters,40,84,assets/cloth-schemes/others/euryale-gorgon.png,,,8
733,572,,other-characters,,,assets/cloth-schemes/others/miho.jpg,17,,1
734,481,,other-characters,,,assets/cloth-schemes/others/mi-jeong.jpg,,,15
735,482,,other-characters,,,assets/cloth-schemes/others/cerberus.jpg,,,1
778,515,,other-characters,9,515,,,,19
349,323,256,pallas-gods,9,323,assets/cloth-schemes/pallas-pallasites/pallas.png,5,5,16
470,413,304,pallas-gods,9,84,assets/cloth-schemes/pallas-pallasites/saturn-subaru-v1.png,5,5,16
656,413,438,pallas-gods,9,84,assets/cloth-schemes/pallas-pallasites/saturn-subaru-v2.jpg,5,5,16
539,,394,pallas-pallasite-soldiers,1,323,assets/cloth-schemes/pallas-pallasites/pallasites-soldiers-green.jpg,,,16
540,,397,pallas-pallasite-soldiers,1,323,assets/cloth-schemes/pallas-pallasites/pallasites-soldiers-blue.jpg,,,16
541,,398,pallas-pallasite-soldiers,1,323,assets/cloth-schemes/pallas-pallasites/pallasites-soldiers-black.png,,,16
544,,395,pallas-pallasite-soldiers,1,323,assets/cloth-schemes/pallas-pallasites/pallasites-soldiers-red.jpg,,,16
547,,396,pallas-pallasite-soldiers,1,323,assets/cloth-schemes/pallas-pallasites/pallasites-soldiers-yellow.jpg,,,16
381,357,142,pallas-unknown-secondclass,33,323,assets/cloth-schemes/pallas-pallasites/perfect-pawn-rhea.png,,8,16
473,415,236,pallas-unknown-secondclass,33,323,assets/cloth-schemes/pallas-pallasites/mystic-stone-surt.png,,8,16
496,437,101,pallas-unknown-secondclass,33,323,assets/cloth-schemes/pallas-pallasites/deathwatch-tokisada.png,,8,16
304,277,2,pallas-unknown-unknownclass,32,323,assets/cloth-schemes/pallas-pallasites/alchemy-glove-miller-1.png,,8,16
305,277,372,pallas-unknown-unknownclass,,323,assets/cloth-schemes/pallas-pallasites/alchemy-glove-miller-2.jpg,5,5,16
492,434,328,pallas-weapon-firstclass-1,32,323,assets/cloth-schemes/pallas-pallasites/genesis-titan.png,5,5,16
205,187,329,pallas-weapon-firstclass-2,32,323,assets/cloth-schemes/pallas-pallasites/destruction-hyperion.png,5,5,16
4,4,330,pallas-weapon-firstclass-3,32,323,assets/cloth-schemes/pallas-pallasites/graviton-aegaeon.png,5,5,16
156,146,331,pallas-weapon-firstclass-4,32,323,assets/cloth-schemes/pallas-pallasites/photon-gallia.png,5,5,16
138,128,69,pallas-weapon-secondclass-1,33,323,assets/cloth-schemes/pallas-pallasites/chakram-slash-reaper-europe-1.png,,8,16
139,128,377,pallas-weapon-secondclass-1,32,323,assets/cloth-schemes/pallas-pallasites/chakram-slash-reaper-europe-2.jpg,5,5,16
187,175,95,pallas-weapon-secondclass-2,34,323,assets/cloth-schemes/pallas-pallasites/daggers-hati.png,,8,16
5,5,147,pallas-weapon-secondclass-3,33,323,assets/cloth-schemes/pallas-pallasites/gauntlet-phantom-arm-aegir.png,,8,16
647,5,449,pallas-weapon-secondclass-3,33,323,assets/cloth-schemes/pallas-pallasites/gauntlet-phantom-arm-of-hyperion-aegir.png,,8,16
354,328,326,pallas-weapon-secondclass-4,33,323,assets/cloth-schemes/pallas-pallasites/staff-scarlet-janus-paradox.png,,8,16
110,104,364,pallas-weapon-secondclass-5,33,323,assets/cloth-schemes/pallas-pallasites/whip-snake-plasma-dione.png,,8,16
301,274,74,pallas-weapon-thirdclass-1,34,323,assets/cloth-schemes/pallas-pallasites/claw-max-brilliants-methone-1.png,,8,16
521,462,75,pallas-weapon-thirdclass-1,34,323,assets/cloth-schemes/pallas-pallasites/claw-max-brilliants-ymir.png,,8,16
609,274,448,pallas-weapon-thirdclass-1,34,323,assets/cloth-schemes/pallas-pallasites/claw-max-brilliants-methone-fusion.png,,8,16
123,116,76,pallas-weapon-thirdclass-2,34,323,assets/cloth-schemes/pallas-pallasites/club-impulse-mace-eden.png,,8,16
97,93,99,pallas-weapon-thirdclass-3,34,323,assets/cloth-schemes/pallas-pallasites/deadly-scythe-soul-killer-cyllene.png,,8,16
175,165,100,pallas-weapon-thirdclass-3,34,323,assets/cloth-schemes/pallas-pallasites/deadly-scythe-soul-killer-greip.png,,8,16
486,428,162,pallas-weapon-thirdclass-4,34,323,assets/cloth-schemes/pallas-pallasites/hammer-demon-impact-thebe.png,,8,16
479,421,231,pallas-weapon-thirdclass-5,34,323,assets/cloth-schemes/pallas-pallasites/morgenstern-star-crusher-tarvos-1.png,,8,16
638,421,450,pallas-weapon-thirdclass-5,34,323,assets/cloth-schemes/pallas-pallasites/morgenstern-star-crusher-tarvos-2.png,,8,16
281,253,50,pallas-weapon-thirdclass-7,34,323,assets/cloth-schemes/pallas-pallasites/spear-brionac-loge.png,,8,16
181,171,345,pallas-weapon-thirdclass-8,34,323,assets/cloth-schemes/pallas-pallasites/triple-rod-halimede.png,,8,16
238,214,288,poseidon-gods,9,494,assets/cloth-schemes/poseidon-mariners/poseidon-julian.jpg,1,1,1
418,380,288,poseidon-gods,9,494,assets/cloth-schemes/poseidon-mariners/poseidon-seraphina.jpg,12,1,6
641,234,435,poseidon-gods,9,494,assets/cloth-schemes/poseidon-mariners/triton-kouga.png,5,5,37
642,116,435,poseidon-gods,9,494,assets/cloth-schemes/poseidon-mariners/triton-eden.png,,5,37
643,173,435,poseidon-gods,9,494,assets/cloth-schemes/poseidon-mariners/triton-haruto.png,,5,37
644,369,435,poseidon-gods,9,494,assets/cloth-schemes/poseidon-mariners/triton-ryuho.png,,5,37
645,406,435,poseidon-gods,9,494,assets/cloth-schemes/poseidon-mariners/triton-souma.png,,5,37
646,469,435,poseidon-gods,9,494,assets/cloth-schemes/poseidon-mariners/triton-yuna.png,,5,37
490,432,224,poseidon-mariners,,494,assets/cloth-schemes/poseidon-mariners/mermaid-thetis.jpg,1,1,1
730,620,,poseidon-mariners,,494,assets/cloth-schemes/poseidon-mariners/asceta.jpg,6,6,29
57,52,310,poseidon-mariners-generals,18,494,assets/cloth-schemes/poseidon-mariners/sea-horse-baian.jpg,1,1,1
219,195,308,poseidon-mariners-generals,18,494,assets/cloth-schemes/poseidon-mariners/scylla-io.jpg,1,1,1
222,197,184,poseidon-mariners-generals,18,494,assets/cloth-schemes/poseidon-mariners/kraken-isaak.jpg,1,1,1
246,221,309,poseidon-mariners-generals,18,494,assets/cloth-schemes/poseidon-mariners/sea-dragon-kanon.jpg,1,1,1
248,224,208,poseidon-mariners-generals,18,494,assets/cloth-schemes/poseidon-mariners/lyumnades-kasa.jpg,1,1,1
264,236,72,poseidon-mariners-generals,18,494,assets/cloth-schemes/poseidon-mariners/chrysaor-krishna.jpg,1,1,1
457,404,316,poseidon-mariners-generals,18,494,assets/cloth-schemes/poseidon-mariners/siren-sorrento.jpg,1,1,1
507,446,309,poseidon-mariners-generals,18,494,assets/cloth-schemes/poseidon-mariners/sea-dragon-unity.jpg,5,5,6
294,565,215,poseidon-mariner-soldiers,1,494,assets/cloth-schemes/poseidon-mariners/mariner-soldiers.jpg,11,11,1
31,26,,ra-egyptian-gods,9,348,assets/cloth-schemes/ra-legionaries/anubis.jpg,,,8
34,29,,ra-egyptian-gods,9,348,assets/cloth-schemes/ra-legionaries/apophis.jpg,,,9
373,348,,ra-egyptian-gods,9,348,assets/cloth-schemes/ra-legionaries/ra.jpg,,,8
542,,,ra-legionaries,1,348,assets/cloth-schemes/ra-legionaries/legionaries.jpg,,,8
77,73,294,tezcatlipoca-gods,9,163,assets/cloth-schemes/tezcatlipoca-jaguars/quetzalcoatl-calvera.jpg,,,7
517,457,338,tezcatlipoca-gods,9,163,assets/cloth-schemes/tezcatlipoca-jaguars/tezcatlipoca-wesda.jpg,3,3,7
331,302,367,tezcatlipoca-jaguars,,163,assets/cloth-schemes/tezcatlipoca-jaguars/youaltepuztli-nahualpilli.jpg,3,3,7
29,,,tezcatlipoca-jaguar-soldiers,,163,assets/cloth-schemes/tezcatlipoca-jaguars/jaguars.png,,,7
8,8,51,typhon-brothers-1,,444,assets/cloth-schemes/typhon-gigas/brute-force-agrios.jpg,5,5,27
493,435,342,typhon-brothers-2,,444,assets/cloth-schemes/typhon-gigas/thunderclap-toas.jpg,5,,27
348,322,327,typhon-brothers-3,,444,assets/cloth-schemes/typhon-gigas/stupidity-pallas.jpg,5,,27
134,124,363,typhon-brothers-4,20,444,assets/cloth-schemes/typhon-gigas/warcry-enceladus.jpg,5,,27
382,358,283,typhon-gigas-1,,444,assets/cloth-schemes/typhon-gigas/phoinikeos-rhuax.jpg,18,,8
370,345,185,typhon-gigas-2,,444,assets/cloth-schemes/typhon-gigas/kyanos-pyrokus.jpg,18,,8
69,66,219,typhon-gigas-3,,444,assets/cloth-schemes/typhon-gigas/melas-bronte.jpg,18,,8
30,25,196,typhon-gigas-4,,444,assets/cloth-schemes/typhon-gigas/leukotes-anemos.jpg,18,,8
463,408,274,typhon-gigas-5,,444,assets/cloth-schemes/typhon-gigas/phaios-spathe.jpg,18,,8
534,473,15,typhon-gigas-6,,444,assets/cloth-schemes/typhon-gigas/anthrakma-zugylos.jpg,18,,8
118,111,213,typhon-gigas-7,,444,assets/cloth-schemes/typhon-gigas/margarites-drakon.jpg,,,8
477,419,130,typhon-gigas-8,,444,assets/cloth-schemes/typhon-gigas/amber-beast-tail.jpg,18,,8
195,183,240,typhon-gigas-9,,444,assets/cloth-schemes/typhon-gigas/nefritis-hoplisma.jpg,18,,8
122,115,127,typhon-gods,9,444,assets/cloth-schemes/typhon-gigas/echidna.jpg,5,5,27
505,444,348,typhon-gods,9,444,assets/cloth-schemes/typhon-gigas/typhon.jpg,5,,27
345,319,106,typhon-sons-1,,444,assets/cloth-schemes/typhon-gigas/demon-twin-dog-orthros.jpg,5,5,27
85,81,333,typhon-sons-2,,444,assets/cloth-schemes/typhon-gigas/synthetic-beast-chimera.jpg,5,6,27
268,240,170,typhon-sons-3,,444,assets/cloth-schemes/typhon-gigas/hundred-dragons-ladon.jpg,5,5,27
339,313,247,zeus-angels,,306,assets/cloth-schemes/zeus-angels/odysseus.jpg,17,26,25
489,431,340,zeus-angels,,306,assets/cloth-schemes/zeus-angels/theseus.jpg,17,26,25
499,439,175,zeus-angels,,306,assets/cloth-schemes/zeus-angels/icarus-toma.jpg,17,26,25
500,439,320,zeus-angels,,306,assets/cloth-schemes/zeus-angels/sleep-angel-toma.jpg,1,1,4
773,527,,zeus-angels,,306,,,,19
44,39,71,zeus-fallen-angels,17,306,assets/cloth-schemes/zeus-angels/cherub-ashtaroth.jpg,5,5,24
63,58,312,zeus-fallen-angels,17,306,assets/cloth-schemes/zeus-angels/seraph-beelzebub.jpg,5,5,24
131,121,358,zeus-fallen-angels,17,306,assets/cloth-schemes/zeus-angels/virtues-eligor.jpg,5,5,24
284,257,202,zeus-fallen-angels,17,306,assets/cloth-schemes/zeus-angels/lucifer.png,17,,24
320,292,341,zeus-fallen-angels,17,306,assets/cloth-schemes/zeus-angels/thrones-moa.jpg,5,5,24
38,33,459,zeus-gods,9,306,assets/cloth-schemes/zeus-gods/ares.jpg,5,5,29
43,38,475,zeus-gods,9,306,assets/cloth-schemes/zeus-gods/artemis.jpg,5,,4
652,306,436,zeus-gods,9,306,assets/cloth-schemes/zeus-gods/zeus.jpg,,,19
767,518,,zeus-gods,9,306,,,,19
768,520,,zeus-gods,9,306,,,,19
769,521,,zeus-gods,9,306,,,,19
770,522,,zeus-gods,9,306,,,,19
771,525,,zeus-gods,9,306,,,,19
772,526,,zeus-gods,9,306,,,,19
774,582,,zeus-gods,9,306,,,,1
775,528,,zeus-gods,9,306,,,,19
776,494,,zeus-gods,9,306,,,,19
777,28,373,zeus-gods,9,306,assets/cloth-schemes/zeus-gods/apollo.png,17,,25
